{
    "Version": "2012-10-17",
    "Statement": [
        {
            "Sid": "VisualEditor0",
            "Effect": "Allow",
            "Action": [
                "logs:ListTagsLogGroup",
                "logs:GetLogRecord",
                "logs:DeleteSubscriptionFilter",
                "logs:DescribeLogStreams",
                "logs:DescribeSubscriptionFilters",
                "logs:StartQuery",
                "logs:DescribeMetricFilters",
                "logs:DeleteLogStream",
                "logs:GetLogDelivery",
                "logs:ListLogDeliveries",
                "logs:CreateExportTask",
                "logs:DeleteResourcePolicy",
                "logs:CreateLogStream",
                "logs:DeleteMetricFilter",
                "logs:TagLogGroup",
                "logs:CancelExportTask",
                "logs:DeleteRetentionPolicy",
                "logs:GetLogEvents",
                "logs:DeleteLogDelivery",
                "logs:AssociateKmsKey",
                "logs:FilterLogEvents",
                "logs:DescribeQueryDefinitions",
                "logs:PutDestination",
                "logs:DescribeResourcePolicies",
                "logs:DescribeDestinations",
                "logs:DescribeQueries",
                "logs:DisassociateKmsKey",
                "logs:UntagLogGroup",
                "logs:DescribeLogGroups",
                "logs:DeleteLogGroup",
                "logs:PutDestinationPolicy",
                "logs:StopQuery",
                "logs:TestMetricFilter",
                "logs:DeleteQueryDefinition",
                "logs:PutQueryDefinition",
                "logs:DeleteDestination",
                "logs:PutLogEvents",
                "logs:CreateLogGroup",
                "logs:PutMetricFilter",
                "logs:CreateLogDelivery",
                "logs:PutResourcePolicy",
                "logs:DescribeExportTasks",
                "logs:GetQueryResults",
                "logs:UpdateLogDelivery",
                "logs:PutSubscriptionFilter",
                "logs:PutRetentionPolicy",
                "logs:GetLogGroupFields"
            ],
            "Resource": "*"
        }
    ]
}